"","term","hazard.ratio","confint.low","confint.high","p.value","padj.FDR","samples.with.microbe","samples.without.microbe","pass.prevalence.split"
"1","g__Reinekea",3.01572211788045,1.58303600317965,5.7450240386234,0.000788301318882613,0.0464003548616949,17,481,"Yes"
"2","g__Desulfallas",2.14192062007343,1.3469618978078,3.40605324483379,0.00128858263667875,0.0464003548616949,32,466,"Yes"
"3","g__Prasinovirus",2.68265818674765,1.36341221281948,5.27841461243901,0.00426789725793237,0.0464003548616949,15,483,"Yes"
"4","g__unclassified_Armatimonadetes.bacterium.Uphvl.Ar2",2.30885821944784,1.28115687458264,4.16094733070724,0.00536203370661316,0.0464003548616949,21,477,"Yes"
"5","g__Psychrobacillus",1.77979455885387,1.17441170717237,2.69723867054481,0.00656972030866923,0.0464003548616949,50,448,"Yes"
"6","g__Amycolatopsis",0.663696840195603,0.492203047315464,0.894942642245175,0.00719443245787503,0.0464003548616949,372,126,"Yes"
"7","g__Pseudarthrobacter",0.600692539705618,0.411769154570844,0.876295670165127,0.00816058699220991,0.0464003548616949,102,396,"Yes"
"8","g__Crocosphaera",2.26184432183071,1.22549299969297,4.17459727430475,0.00904649326609878,0.0464003548616949,19,479,"Yes"
"9","g__Dermatophilus",0.548801501554934,0.348978334088458,0.863042368792461,0.00938711382475777,0.0464003548616949,79,419,"Yes"
"10","g__Cyanobium",0.691572529177141,0.522861802442332,0.914720794057656,0.00974676139386554,0.0464003548616949,220,278,"Yes"
"11","g__Echinicola",0.700205873520903,0.533821062579657,0.918450581443683,0.0100388759629918,0.0464003548616949,287,211,"Yes"
"12","g__Alicycliphilus",0.694853970663304,0.525697518425457,0.91844078319541,0.0105371639337035,0.0464003548616949,226,272,"Yes"
"13","g__Rhizobacter",0.621087255445947,0.430577632433028,0.895888104306901,0.0108296249535629,0.0464003548616949,111,387,"Yes"
"14","g__Roseburia",1.56681896941812,1.10733782004571,2.21695822041655,0.0112219054183916,0.0464003548616949,79,419,"Yes"
"15","g__Eubacterium",1.52255489289511,1.09872926704612,2.10986770936862,0.0115492336423936,0.0464003548616949,98,400,"Yes"
"16","g__Solibacillus",1.42001129001265,1.0798946250468,1.86724891206493,0.0120669963894068,0.0464003548616949,209,289,"Yes"
"17","g__Lymphocryptovirus",0.509444394766296,0.299362218745365,0.866955063489675,0.0129089194767277,0.0464003548616949,58,440,"Yes"
"18","g__Lachnoclostridium",2.35298934497281,1.19731182734842,4.6241578268018,0.0130508078987753,0.0464003548616949,465,33,"Yes"
"19","g__Owenweeksia",0.412068932200949,0.202644755597226,0.837923509961071,0.0143539008218192,0.0464003548616949,37,461,"Yes"
"20","g__Myroides",0.698046830739522,0.52300955041216,0.93166439794741,0.0146659423455751,0.0464003548616949,186,312,"Yes"
"21","g__Phreatobacter",0.70509625112488,0.532180293256209,0.934196041549044,0.0149268743417131,0.0464003548616949,342,156,"Yes"
"22","g__Nakamurella",1.45203779272299,1.07483446181298,1.96161718516121,0.0150909832684859,0.0464003548616949,113,385,"Yes"
"23","g__Trueperella",0.178656689091855,0.0443341884168386,0.719945795717802,0.0154335363638181,0.0464003548616949,23,475,"Yes"
"24","g__Planococcus",0.668725631144921,0.481312867003019,0.929112850306095,0.016477262001117,0.0464003548616949,140,358,"Yes"
"25","g__Brevirhabdus",0.513262828284539,0.29757911430845,0.885272918130882,0.0164796702072334,0.0464003548616949,48,450,"Yes"
"26","g__Terribacillus",2.27786805839299,1.16018898279054,4.47227388676541,0.0167743769001929,0.0464003548616949,13,485,"Yes"
"27","g__Ignavibacterium",5.3851604990015,1.33507620225374,21.7215718106962,0.0179770876137395,0.0464003548616949,480,18,"Yes"
"28","g__Geodermatophilus",0.720387755364569,0.548727716245596,0.945748688675552,0.0181956412219293,0.0464003548616949,273,225,"Yes"
"29","g__Moraxella",1.48802126911816,1.06956677865344,2.07019079270176,0.0183159295506691,0.0464003548616949,378,120,"Yes"
"30","g__Thalassospira",0.37894309612773,0.168070383622259,0.854391279463064,0.0193179835064598,0.0466084359332084,30,468,"Yes"
"31","g__Pandoravirus",0.723410115414862,0.550727048287994,0.950238773837891,0.0199777279377227,0.0466084359332084,267,231,"Yes"
"32","g__Pseudobacter",1.87308436601884,1.10277485460088,3.18146993249496,0.0202378734973142,0.0466084359332084,31,467,"Yes"
"33","g__Salegentibacter",1.6504414327238,1.07807367635867,2.52668902189682,0.0211137052516719,0.0471953411507961,47,451,"Yes"
"34","g__Paucibacter",0.69577154292961,0.509831994279524,0.949524638277672,0.0222286256835731,0.0482678729129015,149,349,"Yes"
"35","g__Ectothiorhodospira",1.69016110013812,1.07297145665508,2.66236769552612,0.023588685316173,0.0491699829308124,36,462,"Yes"
"36","g__Halanaerobium",0.731889014208216,0.557750103287064,0.960397005687291,0.024357676579822,0.0491699829308124,236,262,"Yes"
"37","g__Peptoniphilus",0.671873463719393,0.47376322006103,0.952826078799751,0.0256770827476375,0.0491699829308124,115,383,"Yes"
"38","g__Syntrophus",1.71443986866378,1.0652226216297,2.75933312303018,0.0264064779714721,0.0491699829308124,36,462,"Yes"
"39","g__Muriicola",1.71408214593949,1.06184562792145,2.76695361903009,0.0274139097351183,0.0491699829308124,33,465,"Yes"
"40","g__Chondrocystis",0.715548542932068,0.529747014244763,0.966517419682215,0.0291111657621615,0.0491699829308124,167,331,"Yes"
"41","g__Alphapapillomavirus",0.669392885871217,0.465548185468223,0.962492926922988,0.030289419323026,0.0491699829308124,111,387,"Yes"
"42","g__Acetohalobium",2.09355096223848,1.06824607615618,4.1029456876272,0.0313759449263249,0.0491699829308124,15,483,"Yes"
"43","g__Simkania",1.50275658493718,1.03651197600266,2.17872770007075,0.0316192190126549,0.0491699829308124,75,423,"Yes"
"44","g__Plantactinospora",0.734248259912798,0.553206602222789,0.97453736997856,0.0324745067760957,0.0491699829308124,185,313,"Yes"
"45","g__Anaerostipes",0.696271739444521,0.499569557744448,0.970424093369382,0.032581464814338,0.0491699829308124,410,88,"Yes"
"46","g__Planctopirus",0.529229788718194,0.294780912747914,0.950143503715322,0.0330682633402907,0.0491699829308124,49,449,"Yes"
"47","g__Gemmobacter",0.591988138173049,0.362966757625812,0.965515294099955,0.0356786077167217,0.0491699829308124,52,446,"Yes"
"48","g__unclassified_Planctomycetes.bacterium.Pan189",1.33705102583816,1.01941015652325,1.75366650435574,0.0358278678557323,0.0491699829308124,215,283,"Yes"
"49","g__Formosa",0.667368258944424,0.457075982322258,0.974412155247525,0.0362429351746709,0.0491699829308124,95,403,"Yes"
"50","g__Elusimicrobium",0.536040458838831,0.29896963141534,0.961098865299002,0.036335087572208,0.0491699829308124,45,453,"Yes"
"51","g__Petrotoga",0.574330021320799,0.341472265799585,0.96597881124538,0.0365780209239883,0.0491699829308124,45,453,"Yes"
"52","g__Neokomagataea",0.34766668400739,0.128927354301865,0.937521163163635,0.0368489849330146,0.0491699829308124,24,474,"Yes"
"53","g__Mesoplasma",1.34207526326023,1.01788695626125,1.76951477880294,0.0370112455187583,0.0491699829308124,181,317,"Yes"
"54","g__Catenovulum",1.78318359026237,1.03216093701894,3.08066659232876,0.0381314591495699,0.0491699829308124,23,475,"Yes"
"55","g__Prosthecochloris",0.570136868557357,0.335151282593207,0.969878576543981,0.0381917438786321,0.0491699829308124,45,453,"Yes"
"56","g__Moritella",0.730823285944068,0.543262046092129,0.983140050220825,0.0382343207470892,0.0491699829308124,175,323,"Yes"
"57","g__Phyllobacterium",1.81950526183484,1.02709597355042,3.22326197658116,0.040208514488594,0.0491699829308124,24,474,"Yes"
"58","g__unclassified_Planctomycetes.bacterium.Pan44",0.452904250456406,0.212482566882852,0.965360420342478,0.0402414577761892,0.0491699829308124,29,469,"Yes"
"59","g__Gloeothece",1.55559697523011,1.01485552331506,2.38445955483439,0.0425977624076428,0.0491699829308124,45,453,"Yes"
"60","g__Paludisphaera",1.6416114306386,1.01603061530652,2.65236898239558,0.0428742976613955,0.0491699829308124,33,465,"Yes"
"61","g__Frateuria",0.307237017910973,0.0977757201115775,0.965419483150915,0.0433617985091274,0.0491699829308124,17,481,"Yes"
"62","g__Saccharophagus",1.37335593955634,1.00865707496685,1.86991851197462,0.0439357716712469,0.0491699829308124,112,386,"Yes"
"63","g__Schizosaccharomyces",1.51061395223105,1.0108267071132,2.25751307975636,0.0441673387133007,0.0491699829308124,416,82,"Yes"
"64","g__Catenulispora",1.46784968575814,1.00916008724366,2.13502567849777,0.0446791608299161,0.0491699829308124,62,436,"Yes"
"65","g__Grimontia",0.310395095617967,0.0988182792092997,0.974972607847433,0.0451379525827755,0.0491699829308124,17,481,"Yes"
"66","g__Geitlerinema",0.311273085617899,0.0989947683139363,0.978748023560431,0.0458561526386595,0.0491699829308124,18,480,"Yes"
"67","g__Minicystis",1.99118294449101,1.01135720122015,3.92028604102345,0.0463011486336791,0.0491699829308124,467,31,"Yes"
"68","g__Nostoc",1.82020988507445,1.00945105045654,3.28214431420355,0.0464548607703206,0.0491699829308124,457,41,"Yes"
"69","g__Mycolicibacterium",1.77801363596701,1.00874715606479,3.13391960579823,0.0465820890923486,0.0491699829308124,457,41,"Yes"
"70","g__Cryptosporidium",1.68764954040872,1.00607708506241,2.83095700471607,0.0473763276260443,0.0493232999942379,444,54,"Yes"
"71","g__Terasakiella",1.31531867548254,1.00082554896785,1.72863614428845,0.0493121333755092,0.0498774576953795,258,240,"Yes"
"72","g__Sinorhizobium",1.34243539011285,1.00082877357074,1.80064045340924,0.0493571816074958,0.0498774576953795,328,170,"Yes"
"73","g__Mesorhizobium",0.082843171897281,0.0111152046378847,0.617441725419146,0.0150800423835418,0.0464003548616949,497,1,"No"
"74","g__Lawsonia",2.5105358646348,1.10793535684139,5.6887708192527,0.0274151802241041,0.0491699829308124,10,488,"No"
"75","g__Helicobacter",0.284684398912041,0.0892643360034795,0.907923708531827,0.0337367459902746,0.0491699829308124,494,4,"No"
"76","g__Dechloromonas",0.245046334782592,0.0600929141112475,0.999247699640895,0.0498774576953795,0.0498774576953795,496,2,"No"
