"","level","Overall"
"n","","  499"
"Age (mean (SD))","","61.55 (11.92)"
"Gender (%)","Female","  133 (26.7) "
"","Male","  366 (73.3) "
"Clinical Stage (%)","Stage I","   19 ( 3.8) "
"","Stage II","   95 (19.0) "
"","Stage III","  102 (20.4) "
"","Stage IV","  269 (53.9) "
"","Unknown","   14 ( 2.8) "
"Primary Site (%)","Hypopharynx","    9 ( 1.8) "
"","Larynx","  111 (22.2) "
"","Oral Cavity","  303 (60.7) "
"","Oropharynx","   75 (15.0) "
"","Other","    1 ( 0.2) "
"Vital Status (%)","Alive","  282 (56.5) "
"","Deceased","  217 (43.5) "
"HPV present (%)","No","  388 (77.8) "
"","Yes","  111 (22.2) "
