"","sample1","sample"
"1","c0c9522d-74c4-4f8c-b87d-03f60d7bc3cc","15c8ac3d-fe65-4786-9738-fbd5796c0eac"
"2","08c7a80d-8171-445e-ba07-d3fd28207d72","67d16d74-1fa5-4386-87f4-ed2e97d45722"
"3","d0a56b81-b1d6-4872-9355-7b8643d4d6da","b9f9cbc8-1dd8-400d-94be-cb636a210193"
"4","44c12e8c-395d-41d4-80f8-021ebb668f17","dd6c76a4-a8d7-43bb-b7d3-e48a8c95193f"
"5","0e4e0745-9574-4c33-aa7a-61421d007dab","49146a0b-4cbd-43ea-a264-8ea0e622620d"
"6","b01bdd7d-e02b-466e-b60d-fb6f1e31f919","7c71c8ac-c2e7-4f8d-a0f2-ae2d9a5bf45a"
"7","52e1eb29-879e-468d-9021-eddd5f7d74b8","e9ccc4d0-e393-4d1b-bd03-cfbdfdffba38"
"8","1e395cd1-9ad2-40f4-8fe6-df17d97d10d0","33b7f8de-f39f-4ca5-81f5-65f655aa86d4"
"9","2b61c836-d952-4a68-9027-ac17ec4ce51c","7637b281-91ef-4117-95ed-fd03830f1d8f"
"10","b5c8e71a-4bf8-4703-8785-b778ea1d638d","3bceaca1-2334-46ed-9267-b2710a5471fe"
"11","32bceee4-ddc7-44da-85ec-d1e6afafadbb","54477084-8ba3-4b16-8ee9-4d71f5f366df"
"12","fe025507-164e-4531-8e15-223aa10e6600","6b973646-8059-4f4c-bf1c-f973b46030a9"
"13","ed6b4df3-55ec-4bb1-bffb-255256bfac2f","d3dffc10-ccf4-4393-9528-a6d957c348c5"
"14","e25274b7-d7fe-48ab-aaa9-44a95e772f67","3b3e86ff-6824-44e7-8adf-9d4affed0c50"
"15","dd45e973-d8c6-4a71-bd0a-a3aa396408b3","f6fb23f1-962c-4f6c-96c2-612d6cb37989"
"16","2e83f03c-9017-4239-81d6-21e5a02c0877","77d02a75-3194-42dc-ada9-ca9441d8cf4a"
"17","25419cb4-972e-41ef-ae52-c74a432f43b4","e546e919-cc79-4977-9b0d-9e998567240e"
"18","9aab5cae-1c0e-4249-bb84-c5e6a484ee60","1a4b483b-ddfa-4cda-b8c6-e1994dc5a6e7"
"19","4db54f2a-e515-4737-80cb-ac90cd48558c","6b9ac352-8366-4e67-b4f2-bae42c2631cb"
"20","ce16c4fa-9c6e-4bd9-9dc9-6fec2bf82e2d","ccf0dc02-ce8b-4ad6-92bb-cdbea78e7e07"
"21","ff4d4e07-0bd7-4254-9b27-964743ed07b3","4c5dfa3a-81b8-4b8d-b272-3121c462a994"
"22","8ca6a052-24a5-479b-8a75-b7c997e88ee0","b18a66e8-8dae-407e-9e3c-fa5a04592c44"
"23","3d7d4632-9c68-4269-8b54-44af2b4324b1","73198ec5-011b-4d68-8693-3ea0e9d865c0"
"24","6bf5b9c5-6572-4838-b0c3-ba16eb03d979","24b5bd33-dda7-423b-85ff-d7ae0a504565"
"25","f1a1aa79-1319-4d17-bd9e-21bafdad1f8f","3f563860-9ff4-4686-9a50-d2370486b18b"
"26","171f45e7-83e7-4286-970a-0dafa6f46d8a","63ab99b7-027f-4e80-9589-0069e0b132d1"
"27","71ebfa38-db28-4c6f-b8d8-52ec694d9f41","494e1084-930d-4d1b-b7a1-07d985448e74"
"28","ec6aac3d-846a-45f3-9bef-6146af402729","c0a777ec-2e54-45ad-820a-b17053542bce"
"29","fa6f781b-d8ad-458e-9e11-4a4078cc634c","d3da7eac-38cf-43b0-bfca-8d21f4be7555"
"30","e98bffb9-fc9e-43ec-9b06-194066be54d4","889b4091-5cac-4714-91cb-7f23bff4944e"
"31","c31156b1-a8e2-4c11-945f-f7a25bf00250","a927210a-9213-4800-9438-4e906cbf45fd"
"32","0494838d-60cc-4bb8-8edd-f53f11238e51","c5e3fe43-41d2-41f5-bd7e-d281fffd8d86"
"33","56273b12-98f3-46f7-a450-5cfddfe91375","75fa323c-6c9a-4c71-bf70-18e31f1ae3d1"
"34","18c458aa-7f03-435d-9408-81d1c3e65c29","ceffb964-a923-4426-98f8-6bfd9256be83"
"35","ee8ea64d-a66e-449b-aa46-0e5c80d496e7","0c5a7182-55f3-4491-9620-2a2f98830f03"
"36","470e814e-82c5-41c3-a644-fe57af017bf6","10ac2f8d-c51d-4280-91af-5941f776a46f"
"37","b166b768-33f7-4cc1-907b-15baed14a527","a44e03d6-5798-427f-a7e2-40bcc1424a7b"
"38","f7351529-073e-4c22-9f3e-63d32f775708","436d9c8d-1807-427c-b935-b03e74e56a16"
"39","b5557828-9913-4f6d-bdbb-fdeb916e1b82","c9242fdd-61cd-4865-8bbe-c70454d88a30"
"40","560901a7-1bca-44e9-a580-66f5d4e4a5eb","a3d51c28-1b15-4742-bbfa-870ae160575b"
"41","b3dfa86c-8410-46c3-a25b-715d31891149","d7f94132-7d2a-41af-b507-b59844a0f9ba"
"42","d6133460-aa54-4f7d-a70c-6ca212bf36de","5202624e-9bbd-435b-9a90-b823c8460eb7"
"43","66157725-fad8-43bf-a9f1-f2a3e2333fc7","6a4a9e3b-872e-446b-b4ef-d632710c4465"
"44","97563567-b29b-448f-a327-c6d30390003f","4c6c4e32-49c8-4709-b811-725bc248dd44"
"45","cbe1fbc6-87ae-4152-8fba-29fbaa2698c6","3034a69a-4640-4ea0-bfb9-1976b15c7b17"
"46","63065301-23b9-472a-b194-9ff85f330375","8e61e280-de06-4937-ae76-5440718b6e99"
"47","d7a5faa4-5905-44a7-978e-f94693b7e693","4f50a4b8-f392-44c2-96af-9b77a012e1ab"
"48","dd98690d-6958-499e-b869-ad662fb4e0a3","b9f78405-32d5-4c07-8cc7-c325b2798790"
"49","ddc2a5a9-79c4-4e60-9315-314b5ebc0b8e","643b43d8-9d67-4d4e-8336-aca7fd73505f"
"50","ed000aca-8ec2-4a5f-86ad-864ba11ee4ac","c9194be7-1d42-46f2-b83b-e66d2613c9c8"
"51","2b969a8a-4f10-468f-9fa6-28f53bcce267","ebafafa7-b646-4c64-99ff-335acb7c9fb4"
"52","bd15a2f7-2be1-417b-8e36-6885f4d551fe","ec64c1d5-d222-447b-9053-8cc49b27060f"
"53","56bd997f-fcf8-4835-b285-464cdea29b0d","47ba1f67-87bf-4805-aa44-03e0de173601"
"54","55a43afc-197d-441d-aa98-a82c10c160b1","de83b978-0d39-4e7f-bf73-33be500ced59"
"55","58bf721c-8e59-4161-9186-dd783077785d","51c733f7-74ee-4f18-8d37-a995d348ce07"
"56","c6de8fd6-3056-411d-b3f1-18438b0629c1","ce4dd699-8665-4bfb-bda8-aa7bd18f3af7"
"57","2daa0903-a384-4b30-9787-887ea2032138","ed8f13de-36b2-4da3-af96-c2afc4021b37"
"58","31313b9a-e8b8-4ac4-b58c-f7528cb10dd9","ef21a539-d4e4-4d3b-bd0d-9ee1e2efbaeb"
"59","4cc2ccf2-9e6f-4532-809f-fd7f719e5a73","5d549720-0b84-422c-848f-25af939828c2"
"60","5d4d1a39-7d11-4a59-b320-6d66f37ff22d","244f5bc0-2047-4c86-8914-ba7db4b97ea5"
"61","11274e57-44c8-4933-8ecf-37cc1be5b129","469e3b5d-5183-468c-8037-9714ae649ccc"
"62","43897c39-4597-4974-a881-4fb58bd76755","c3ced817-0adf-480b-9661-5c04868d43c6"
"63","982eb00f-e5f1-45dc-9890-e8f78f8fb683","7f7b6afd-b146-4d1b-87f5-02a22da3fb03"
"64","d617a04b-bde2-4219-b543-b772e4b49a35","4d18aa93-2a00-44ee-8c95-6837828dd076"
"65","316f7b32-c096-4d0d-93a2-88679704a183","c257805f-df0f-4fb6-828d-01e21f5baaf4"
"66","52c66078-6fb5-43e0-85fe-4bd9b1b51d12","45982c13-8fd7-433d-b39c-eb9d1e859821"
"67","1bb12c3e-00e3-414e-8633-4c890cf1f51c","72d32abc-041f-4e1f-a04a-226b51ce23c8"
"68","8c2bb3c1-582d-44e4-a88d-6fe88e4d2785","fed46505-5402-44a8-bc72-107d4a9e449c"
"69","4d45de1f-17fe-4cec-b59e-5d3ffe5ab823","09e8e838-09f2-4e52-8b1f-0c254eb51b6a"
"70","4ce3fb6e-bdc3-4633-974e-c6732a25b481","b13cb48d-7ba6-4f55-83a8-b6a52bb89f46"
"71","32fcbbde-985f-4ce5-94f7-82eac34f71ed","eec655f8-3d55-4552-93df-8f42a14a4aed"
"72","ba776f42-548a-499e-9edb-2593ddbe3ee3","6ead5639-f9c7-4d75-b131-41136222d0c9"
"73","bb0e445b-2f54-412c-aaa3-34d49f66a73b","484d346c-7286-44f9-b721-f355232ebe26"
"74","434759e8-712f-4578-bcfa-346675c2b99f","a70cb676-e8a0-46f7-936d-6416b184f691"
"75","9a613a44-da30-4cdb-829b-5822870ff883","5c196da8-8f86-4c8d-8cae-b1ea9110cc63"
"76","ac37406d-6ee7-47b9-b6c0-d1ec82c12cb4","505678c0-d98f-4cce-a669-1d62e59edc80"
"77","8cf5048d-6fc2-45c2-a954-bd8ea814fa60","c0ab656f-0563-41cc-bdfc-c3446171866b"
"78","d41e8892-8b3e-4734-b2b9-5b979c04b04b","c310a269-e30f-460d-954f-c30851c292ba"
"79","854e4d92-57ba-4398-8951-b09293db3eb3","c28dc7fc-f43e-482d-b403-7c1830f49841"
"80","c231f327-26ae-42b1-9813-bff1ac1896d5","d41d7868-d49e-4ef5-87a6-d66961e93036"
"81","3e9308ea-6978-467a-b795-19ffd4eb223e","17ceda6d-ad8e-4b8a-8eb4-9bd9d0d77762"
"82","2faa5e01-e664-47cc-85db-4ab07d9b5595","f18cd868-c43b-4591-b735-aa50ccbc8584"
"83","dc9f78a3-ecf2-4403-a22e-4b90cc29727b","dc856833-d85e-4420-a432-a6114d9bab3d"
"84","1ca5aa1c-09d2-4ca8-8231-bea6d259951f","3c1505ff-51c5-4c4d-b745-39d2c1a17941"
"85","72f87aaf-c152-4a1f-884d-b03a935bb723","8760d190-245e-4e4b-ad9c-f6bd622503f0"
"86","1cee979e-57dd-4314-aff4-fe343598596a","328b19a7-891b-4e91-9a9e-c57a36bfd45f"
"87","e3b1ecb5-2f8a-4bea-a924-a57c046548c0","56a608df-088a-47fd-842d-8de8eed09760"
"88","f0873e47-14b2-4494-8256-8cebce08c09a","19fb7351-3fff-419c-9c78-4e88ef8f3fa6"
"89","cc08ee8c-e62c-48e5-a17b-1ff8cd3192c1","bb400b8b-98dc-4127-8c54-d6951bb3d532"
"90","db5f06cf-714c-4da8-8058-09a5b4dcaf33","5be7484e-90b7-48e2-864f-a4448418d8f3"
"91","6f0f57e1-6cb1-4891-9977-b46dc0939ea7","9c3cd875-9b5e-4d2d-a009-4aaa923fbd74"
"92","f241485e-70ee-4ca0-b62d-9cd5ab283bd8","fa02473b-7991-43bf-aceb-d29ae5b49176"
"93","0aeb1520-4cbd-4813-8617-42cd30e0380b","15c25514-05e2-4dfc-aba1-7dd59b927123"
"94","6388d898-6e9b-4857-a5fd-d977b6fe2aa0","3b3b9dff-936d-4ca8-8a7f-659a447919de"
"95","ffba768a-7c68-4362-bf65-867d44a1fe34","a30c8a08-01e2-4379-973a-05c69214e024"
"96","6eb8e8da-cd71-48c0-bd30-35fbe00a8486","426f7cc0-9896-48f4-9fc0-38966194e1e8"
"97","06a08433-a734-4fb6-b300-e4bb50209bca","27c4de2c-0e0d-42f1-8e8c-0f3fb6965a45"
"98","bb46941a-ca24-4b84-9a28-ebab870ad857","abaa151f-592f-4555-8284-5b09f2a91e3e"
"99","dbf98359-06fe-4169-bc27-9e5a594c0f35","4a642daf-1f7e-40d0-be13-f4ea27ec0cf8"
"100","7dc69807-1c83-4ead-9fd4-4f05a25c8630","64e5ea17-cdcf-43a2-bae7-b92fb467d5af"
"101","13ea889a-a024-44ca-9dea-5f4f6e9588b6","5b573830-9e9d-49ae-9355-35bb6bcdfe96"
"102","f5111793-c445-46a0-a8a5-e5d8a0e3cc1b","c9dbcc1b-a5ed-4ec6-9b6d-4ff12f3e6a7a"
"103","3048300b-bd01-4af3-b411-7460e1daaca6","00d1cb77-2cf5-42e3-9ea4-c54512112f48"
"104","229ae16b-d25b-4d55-a177-a3c1cefc01ac","5deddd39-8a43-4192-ae17-285a07f2e362"
"105","b3097629-4f4a-410b-8488-bde66df17f6d","7699d24e-4240-4c5b-8d12-ffedcf31cc31"
"106","6267695a-6e35-4bef-9d24-39dbc783ed75","0b84d6ba-1b5d-49e1-9a62-abaf24a2bcf6"
"107","63c27216-9a44-441b-a77b-8720126521ac","147ad1a3-b7c5-4cb2-9387-a7f63860e06a"
"108","04303348-e957-474f-9667-0f36ee8cbbf6","5cf27c03-30ae-4982-bdaf-4a7ca8c09273"
"109","172e44c9-668b-4c07-b318-5a56fdbb6417","11557e60-5cf5-4fe3-bed1-6332af5fc213"
"110","23c768dc-75f5-4afb-af7d-8233bf239420","5db03558-1d6f-499b-af85-8faf095df033"
"111","a8194da1-d021-4c56-bb11-b344a321fa08","98fdc192-ad6d-4a92-8827-fa2ea8c61615"
"112","0bd21617-3015-48ca-9446-93f72be95017","fef55344-d952-420f-bf14-dab875da6755"
"113","3416f66b-9155-498e-a986-635865801c6c","9e331542-23df-4f29-87bc-de8787921397"
"114","8e3900a0-376b-4836-b8e9-a410141027e1","b59052a1-2eb2-488c-9606-679a02a4197d"
"115","96ef0eff-b305-44e4-858c-3503955c2415","5f027b24-fe3c-419d-8f98-83baa41e495d"
"116","66aaf82c-9cb7-401f-ba0b-16d0753b0bbf","ce175f12-0560-4edd-a1bf-c7e13ab25f93"
"117","fbaa20f9-2716-4031-a51f-747789a4bf10","7dffdcc2-6110-42e8-a9ee-b34d3504cffb"
"118","9af804e5-d24f-425c-9019-aef959ab2e40","733d2949-f41b-4060-90cd-65784f73100a"
"119","799a92eb-5497-4298-bf23-505b6129a8de","5f4ba955-8ebe-4c9f-849c-1eded2a83c86"
"120","b5ae4926-2c2d-4abf-81e3-c6a34182e8e7","8a5220e0-d452-40d8-a5c5-8b10fc10cf9e"
"121","412ace6b-c615-43e2-b8db-59f85568e15e","42baadad-ca6c-4b08-8ff5-c43271792f6c"
"122","e57fbcb1-64ce-4b77-a3fc-53869065e2c8","08444708-4250-4a11-9d90-820ad2d06965"
"123","9d87191c-909b-4047-a155-fa93c09f69af","11f012cc-8e5a-4dfa-a60c-a34b9ac511f5"
"124","616a0b7b-9293-4456-b581-578130a4e409","f48e39b3-6201-4404-83c4-bee0809eb0ce"
"125","c87ab4c0-a1dd-4a56-8aec-29bee4d4b05e","71692789-1280-464d-9657-adc8b0593703"
"126","4a6b5dd5-9efb-498d-ab97-b673f9679137","b2d74f1d-c936-44b6-88d1-d71db55b39a4"
"127","af01c84f-dace-4c11-997a-37bde4cedd94","6f259a8f-ee9d-4e17-8818-8e106c80d9ed"
"128","71f9b1a9-27b8-4d75-ba00-e61552ffad5b","4f459bd2-83c3-4e1d-8c64-955a86d8df02"
"129","7c602e9f-38b2-47f7-a5f5-8ed0e276a4b2","476220e7-6ac1-43c1-9c69-54016a3ff63f"
"130","c18765b1-8199-4c88-a8dc-1c8bba32e29b","de5c8eda-26f1-4901-9014-8abd2675b279"
"131","564765f8-d7fa-438c-9105-f0b850853c3c","46d3402c-f0fd-4726-a092-f3dc21bc19a5"
"132","a921fb29-fa4d-4a9e-a38c-6d585fd7c73d","fa17de65-3296-4b77-98fd-34bcd81af874"
"133","1111cefb-edb0-4b87-ab49-3c22c4f896aa","0184cc91-9693-4a14-ae8e-d219e211c09a"
"134","8b082cb1-feb9-44a5-8693-11db8e802902","7d3497b1-4e45-468e-8ccc-39433b6c6002"
"135","5b137359-0502-4c2d-84cb-8ccfae9e2d84","e93d0131-4b83-4d22-ac51-5a134022553d"
"136","b9775e38-4fc0-4df8-982b-a964985ff6d9","f692defc-8f27-4b9c-a3a3-a19bbba16ba7"
"137","c69828dc-cbe6-4a66-9e71-6fbabaf8899a","c3d363d0-e7e2-4a4c-9107-e70c26003707"
"138","a3cd08fa-8b40-4169-8b8f-2f243f7a3315","851da518-3399-4e1a-9568-9267085509a6"
"139","c023b826-2e13-493f-9ff0-845bc8672f96","daae4995-a9ee-47f1-90a0-5d6de18f04d6"
"140","c5c906c3-d3ee-4826-bdbb-502a0b7e342d","4a7653b6-c9a0-4feb-93a0-49079164d7d8"
"141","b854a567-a87a-4ada-9237-431276cac821","876db1d2-5eed-4dc7-8bb5-fcaf78729d25"
"142","24f94b1c-b769-4674-9357-251aa685e925","8f69fce4-ac8a-48fd-b3aa-d7e8efc79efc"
"143","5b9112e1-2566-4139-9fd7-2a0ea0f146e1","e083b7c7-4753-4014-8405-37c507c0cddc"
"144","9dd7e11e-f07b-43e9-b908-2661110dd5ca","0143d3a6-5ca6-4a25-8b37-7b9565805dad"
"145","9a8faf8c-ef1c-4dd3-9e63-198fb3be0f09","19430318-d0f7-4711-bf33-0f89ca51193d"
"146","3bba5749-0c10-4aa9-87a2-992abb577478","446b16d3-dda9-426f-8eac-77e4cc73f18a"
"147","eebc4881-601a-4cc2-9f32-2c17ed8c6514","7b4d24c1-7c69-4402-a9a2-72802a972dd1"
"148","25b77e9d-9c9d-4607-8a22-558ced994415","99b81e16-3a4a-44bb-92c2-0e158f23d036"
"149","28d2f6bb-c09c-4e4b-9c20-bb7f36dfb430","0bb8d0d4-2552-4f7c-a5e0-c6fa99f5f3e0"
"150","71ff8ef7-b505-487f-bc5f-b6a458e684ef","bb6854b8-1859-45c8-acb5-e7f56c6a5c76"
"151","22bd5396-a6ba-47db-bc0d-24f59e210ff9","d2794d25-5616-4dad-b1c7-f03e52bd918e"
"152","fde05aa1-5f97-41b1-9225-b2b58ba435d7","a02946e0-0874-4d08-b7cc-ef2690360d6a"
"153","6bf4f489-e133-4d34-98ff-14d31d6e6148","987b9000-2183-48a2-94b8-2e3726ac2a2c"
"154","e0825761-9c42-4124-ad42-1d4f3ceb1c8a","e718721c-122b-4402-8e94-1335c6f0e037"
"155","306adcc1-a1bd-4d44-b13b-395192e6298d","e9e351a6-ce74-4150-850b-d546ad9732c2"
"156","6e75a9b1-1619-4312-826d-2243771756c9","d36bc45c-0054-49cd-9aa4-be16eb59c178"
"157","03f33c10-915f-4523-8871-1482aaff3549","96e8ae6b-b5e4-4f61-b588-2693e04561bd"
"158","4d241527-a117-4343-8925-e21cb4567afa","40ec2174-ea96-4c5a-955e-3176140857f6"
"159","c1b29509-755b-4bd2-8b72-c19568d47bb2","ed59800a-d2ae-49b5-9f96-b904ff8b81c8"
"160","84ca4c25-14c2-4852-83a5-bc5e301bc719","e64c271d-23e2-463d-9160-fd93cb1f80de"
"161","f462b81a-b315-4147-8b7b-83790cb25699","ea24bfbc-c3a3-4d54-af23-105791665a8f"
"162","578ac066-274d-42b7-83f9-a0eae2665dd3","caa6eb78-15d2-4ec0-a813-dd55a969942a"
"163","4bb2e835-23b7-4b0f-afb7-85b8311a8323","53f4ad60-0777-409c-a34d-ca4442dc9c44"
"164","fdf3bae2-bf58-44fb-aae5-c79ae28fc159","32c9dd99-eed7-4201-b493-b6ba677fa9e7"
"165","caccd156-1a21-48ad-be0d-00ff5550c78d","48dda215-a4f3-495b-97ce-2f0df4332504"
"166","576967f8-4350-40b5-96d7-92ab303378ed","bc0ab3de-7525-4798-a80e-8cd2316f696a"
"167","c97fefdf-df03-49e2-acfd-3270e52ee949","d964dec6-86ac-483e-830a-b3285d0b7130"
"168","0e4fe560-21c7-40d2-9823-04097b42e78b","26f03627-31fb-4a86-8104-1e175987e5ea"
"169","40c375ae-e9eb-42f2-bd8c-e122352d1e67","03e466ec-971c-44c9-b022-f1175e9eadf3"
"170","95393cc4-fee7-44e6-b435-8f58420a4d48","ba5e6a85-56c9-40b6-80af-90ca895db8c3"
"171","f5492fd2-0f6e-495a-bad5-45007fafc0e1","fb4b03c8-b26c-42d5-96a4-42c5a755986c"
"172","1f0eec7b-3a21-4889-9458-b55f7d9de8f4","49e85aaa-bc30-4e27-be87-ff059938a2e0"
"173","d0fc5064-f46b-47e1-9d1f-020961af9f86","404d3dc8-8713-4eee-b0c2-9cf3aa50f624"
"174","fff4c488-e280-4ac4-a180-457dacd1d3b2","effb1c90-2716-4ed6-898e-0b5eeeb3de8d"
"175","38c32579-953b-436b-aaa0-bebe2fd13236","58d964d8-163f-4459-a78a-2d4ac206a0f4"
"176","7f18c74b-79d7-492a-9783-cb7431e81809","eb068595-b56a-4bff-a6fd-0027caa5c44b"
"177","98a86f60-48e9-46f8-80d5-5d96a8bf4448","d7a3757d-eb85-419c-91d5-e79a4f937c99"
"178","cc1c90c3-5906-41cd-bb2c-e9d5cdf4e47c","f688ab60-15ce-444b-94c7-06f8d62bc49d"
"179","79785c86-72c8-48fb-876f-22140f683956","1deb29f7-c885-4a71-89b3-ff8a7bba789d"
"180","d06a65c0-1b50-4706-8be7-297ca20d1f5e","a9d20586-1996-47aa-9913-cf85425a49bb"
"181","a36a29a7-211f-4081-841d-be5628804bb7","0717434e-10b8-472b-9211-7671ebd1fe64"
"182","9e493073-8295-45dd-8bbb-baa3aa27e9c8","868bbcc7-7b79-4151-8991-5d6be9291dcf"
"183","f480bebb-6a2c-4c8b-842b-9c3ac7c4ae38","8c79b4b6-4992-4fe9-bce7-21283b0ebbc1"
"184","07458e60-4784-4ba5-963c-a9acb12444e0","d93bb220-c862-4067-a1c6-e3c7cf60ea6a"
"185","1c471e91-2e80-4d03-adf8-ebafbf41358f","e3d023ab-15a6-4330-954a-03e913308b66"
"186","3b4335ad-fff0-4420-bc59-1a67b6adb2cc","7be50c5e-78ed-4415-b367-0a87955365df"
"187","a0906ed7-1afe-42cf-81df-cd13fe190cba","98e0fdc7-2f53-457c-a7f0-bd722827fb56"
"188","e416797c-5556-470c-a505-d0f5b5477b64","f3b3d0de-dda2-4e55-8f94-fe0336df8db5"
"189","83ff3e62-d929-4e84-99b4-f73ce5874e96","2f37bbf9-deda-4531-a01f-f9a10ac12853"
"190","cf8e675f-4633-4085-a1ab-7f45d31aa6e8","e9f329bf-d78a-43a2-be1e-bb52a4560f84"
"191","a44747b5-176f-4e0f-bbe4-993efadf7187","8e65443b-c774-4c42-b02b-6f3b52bb3e85"
"192","0be3caed-1b5b-4d6f-b0ad-a4cacd485e2d","fc4bbef8-6e65-4625-85f8-940283a6d2bb"
"193","26033c22-7119-4587-9eab-fc033328e6d0","e0568ecb-5901-4349-b56d-17526d33a8ca"
"194","ea564109-e49e-4ac4-8873-b65156ed4105","0f3d3dd3-2b6b-4705-86cb-d567b5d5dd5f"
"195","b0b6b2d7-48bd-432c-bfcb-220c09d0ca6d","b6776f62-2af2-4410-ac25-f8b00d3047ec"
"196","f7ba20a9-b313-4a99-98c0-139ad18e3a5a","0b7f3a2c-cedb-4a02-a7a4-a5971f241ece"
"197","1a292c1a-5d71-4885-aebc-7843dc674ddc","9598be4a-9172-43b2-a53d-13475896ec2f"
"198","807e292d-50d5-4ea6-a58f-646f8c8a890d","f6531dd2-dda8-4dcc-9717-cffc8400896f"
"199","e4f6a8ca-5dfd-43a2-a83f-b763502b52fe","f0bf1bcb-22d9-4bd4-9050-5d22dd766bed"
"200","8cd9be2a-769d-4f2a-a85a-9d714dc67b14","8fbb764c-ceb4-422b-92d3-412472ee6edf"
"201","a8da7443-1620-413a-a86c-2a1f6d2a1f65","d88de726-d7ac-4743-9ee1-e417afc6d2cf"
"202","19b31950-9b4f-482f-bcc4-95d63921f41b","77726190-18f7-4ca8-8e3b-b1fd3274f789"
"203","1992a92f-009b-4ea8-ac84-4d0ac2169761","83c44adb-f8c3-4eab-8d3a-8f0e7a861e9b"
"204","db84aaa8-8c60-44c5-b67d-65d602f9bbe9","4b07813f-3fd7-42c4-b09d-48321bfbdf22"
"205","61288549-f222-470c-a660-e6b395cfb08b","5c060ef7-5eef-46d2-b581-3d84f018cc01"
"206","ea4630ae-18af-40ca-83a5-e119107e5752","2cc8b90b-0eb6-4fd4-9fb7-a3162f2d88c0"
"207","fff1111a-5688-4261-a0cb-e25e53f19cda","04ca8c54-5726-48a6-b172-f9f0b5c8728c"
"208","887e2e89-af5f-49ee-b54c-ef9d323ddde9","6808423e-21c3-45a5-aa55-e12417f0c71f"
"209","6b13b859-0bdc-4ecc-ac40-a4ac6a850cf7","b6e1bdb1-85b6-4c31-bd05-57bb16847fb6"
"210","990471a6-1f49-464a-872e-024e78c553cf","9cfb5030-c477-4de0-bc11-51d03ea78f68"
"211","c170a822-8a12-489c-894f-554472fa4196","fb367358-40b3-4801-a012-459631e6f7a6"
"212","c3ef45d5-134c-4962-b004-f70ca8d8d5c6","6b215c7f-9635-4379-a1db-828ea9c3674f"
"213","259fba1b-7012-40dc-8508-2ac8fdf9993c","77bfaaee-12b1-4b4c-871b-53558d316c4d"
"214","7d6de174-f645-41b0-9caf-81ff9c295704","71f19121-2c8d-4802-8cfd-b674fe0c00f2"
"215","83d208df-56df-4815-9064-c5c6c39a8d95","279e7dba-78dd-404e-a92b-cbf7f1248faf"
"216","6fcf8a5f-614b-42be-8334-50cd955910d4","c5e3cd46-5794-45b1-b23f-4ec6d7604f33"
"217","53d31821-b709-4dd0-b722-21c29e59ea65","fcb5690e-9421-4283-b55c-78c9749a7b01"
"218","fa9e9d37-f9ee-4d54-933a-24a7b338e8a3","418436b6-50b6-49f6-a146-b35db392cfac"
"219","0eb11f4f-e9ae-464b-a8aa-61ece9300a23","70253fd8-5f0c-4826-a605-1195afd6d4c6"
"220","3018e36f-6e37-49f2-889e-6bdcc6b75759","e672e3b4-bc5d-48dd-9868-51a7c1834c14"
"221","b6884bd7-dcae-47dc-8a00-4c802db09f9c","5e35cdc6-20c5-4e52-881a-c07b92a5c58e"
"222","4d4163ea-fab1-4ec6-b94a-28e00fbf042d","3111cf37-e905-447c-b848-801742f8857c"
"223","757996cf-e6fd-4d76-82a2-5653fce08ae1","cd86c1b0-fa8c-4319-9ac6-d8ac5b8de9e4"
"224","22f37606-6bcf-455f-9d7f-e7c15ec04d13","1f551b66-46b8-4977-af32-9bdf3c4a3f65"
"225","9204697e-6fb3-4292-8d6b-3df715a6ed74","bfc583db-a39d-4631-b0f5-a390b59cd8ac"
"226","73dcb0aa-ffda-4aee-9945-2886d94ee163","65e4dcc8-5e02-4b77-adea-b8cb002fbd26"
"227","b49a5dce-cd8e-4103-8027-8dd1a11ef3c8","df32d12a-7e6a-4d72-98e2-0cc9f3333110"
"228","3d4110d3-92fe-403e-94f4-7cbd54931d9e","97253a43-6db8-4761-b898-c265d4c1b788"
"229","dbb3980a-8051-4a7c-8032-790bf27bdbb5","52c7418e-37a1-48f9-8082-11142c36bced"
"230","e21a363b-8c5c-4d38-8422-a0ca06a0ad53","2ea7ae00-08ef-4c19-a657-3379a46fb6aa"
"231","30ecedaf-0e5a-49db-bb51-5c980439b28b","965eda14-c31f-4576-bc7d-157756e68eb4"
"232","f159b3dc-65ec-40bb-9295-22d1f5353dd4","1c4fba41-5f1d-4d7a-94b7-e727a0c6c57a"
"233","11432de6-8437-4cdb-b8fe-c247221122e3","95e60d5d-7753-40e4-bb5f-b97e46c6b101"
"234","a97bc32d-8586-46a1-8ddf-0c06549a7f9a","67574694-fa82-4ec0-84ac-8f9b85f44060"
"235","b7512132-ba2e-4b12-a01a-de06cd822af6","a02c60f0-a6a7-4221-b2a2-a043f678e28a"
"236","682b700e-e472-4c83-b564-4f514c89853f","edfb519e-ab2a-46bd-bf48-085808801214"
"237","143c0b64-41e7-4fc4-92a6-3d0ee503a097","64a06f20-e0e0-4081-8fa1-8fd13cff8548"
"238","afff756a-7e4f-4678-8e74-39deb653460f","cb292627-a442-4e84-9953-1010e0ea70d9"
"239","ce5df95d-4091-4818-a7c3-35a6eaeac299","05080dbb-0d8b-48fa-bc47-6b9b2456ae00"
"240","28837d04-2c5b-4421-9da9-9e8e9e8bf24d","a8135435-2f2b-44b4-91e7-d3fe8df4a066"
"241","dfd7f0c2-553d-48d3-8a6c-7ace95a0b40e","b5df0d9e-e9d4-43c5-bf0b-7a0bc5a1cb4e"
"242","11547448-a38b-40ec-861a-6c54a60e740c","165ad504-72b1-4894-9a9e-c7525b5dd0cc"
"243","d8269b7c-4f2f-4110-bc4f-87bbabeadc9a","627a45fe-0bd5-44f5-be76-00894faf4f2d"
"244","d763a3b4-ac09-4eb4-9089-b4fa20010491","1621db74-96cc-4120-9a4e-422257792812"
"245","437b053e-2efb-4d86-8d97-6b662d482cdd","76f99991-bcfa-465e-a063-73bc626808bd"
"246","d6600f51-bdac-4b29-8922-670cd84a7d85","bf650e7b-1f22-460d-bf5b-abfd3da0e415"
"247","91785368-f582-4344-86af-8f2be0841f6c","5e395458-8e73-41d0-b2f1-b0362e75a3aa"
"248","4fa52ddb-8fa1-4dce-85ca-4d8ca8b2e5c8","466fbb5e-2fe5-4c3d-b27e-3ec5b52587bb"
"249","823f5b0a-3d36-4c6a-9c2c-520d4fba1029","53c60614-0417-4322-9d25-d43b70b18f8f"
"250","63ad0a97-76b8-4eda-a858-7edd69bc534c","b777251d-6ebc-4967-8cc5-2032dc50bae6"
"251","9724a09a-f0f5-4a8b-a09c-b55523249962","a04211a4-1ec6-4f0d-beea-dc76cffa2a1e"
"252","76707b65-cb6d-4093-8765-f1c58873aac2","3c2174a8-6d5e-4c5e-87e3-e015300e88d1"
"253","98b527de-55ea-450f-a635-8c6e6ad32157","3b175d56-4de8-49e3-bbe2-09cb97a9a824"
"254","9e7ca3a0-4af5-407e-a2fa-7484fadcbfc8","cb6917a6-e2f3-4611-a7a4-f36086f00676"
"255","317f3ecd-6d53-4831-aace-424f3b191fa4","68e1b38b-51cc-438a-8619-2e828ef3d958"
"256","eb9d3f9e-ccd2-4584-820f-7b41fc3e1221","8e604e0e-a8de-417e-afef-3229c7ef994e"
"257","443cdf70-d729-4765-b4e8-bc97f8721d85","b048d35d-05d5-4610-993b-f522882b14cb"
"258","2174931d-39b8-4d2c-b646-8e299412b82f","5b655b5e-5c55-45b1-94a1-b7282bf27785"
"259","0a595371-0a31-47af-8ab5-9e06657f8e5e","46c13cfd-d090-45b3-bc48-f9484cec1310"
"260","454f1fcf-bddc-4589-92c9-25004c1d7be6","a6ef515e-e182-433c-a9cc-9ba49ad2cb7b"
"261","47be90b7-021b-4a5d-9fcc-1795d1da2e07","d36cc023-ecbc-495e-b7ff-e13af46cd32b"
"262","2c1a8df8-1333-4a09-913d-8f79636db9c6","7546fd7b-9521-4640-af6e-1f4654505286"
"263","1291a345-5d82-4f7b-b96f-aacd5fe946b6","66605771-e277-449a-a2d0-93cf9d18468b"
"264","ec1f7569-1bde-4c57-9ed7-63f94fcf2da9","6325a67a-8976-4aa3-a914-ade19a8aeb52"
"265","f57a13c7-5a49-4eaf-b4e7-2a12dee694ee","fa42c9ff-6133-46d9-84c6-94c992ba23fb"
"266","68ab64d5-a565-4dd8-ba16-509ab67aee5b","3e38a1d4-644a-4ed7-94f3-9e614ef0acb1"
"267","21ea6561-2bd1-4a3d-ae70-3c504530bb26","4698d496-4f3b-4024-bbc2-203e056cdfc9"
"268","096fd4f5-1110-43a1-a3c6-0d9477af2c6d","807eb492-694f-4d78-aa5b-123b72d95333"
"269","3628b955-b59d-4575-b8b0-0112ab01c1f6","40180f9e-3533-435e-8519-28079a0e0522"
"270","2e1ab9e9-f3db-44b9-a061-ba1a61583692","8069970a-e257-4429-ab3e-ddda2221ac6b"
"271","604d9cf2-ba6b-4be5-80e0-baf0d6ecc9db","0263c344-cd9d-44d0-8657-acec4a2bdd7b"
"272","86a12c44-4853-4ffd-81ae-12c10f1e6c0c","2aeed4d6-b1ce-4776-961b-c3beba9f8d83"
"273","64225ca6-2b1f-4ea0-8efd-e26be03c7ea7","0dda3d82-9733-49bf-ab39-32d5a5ca9712"
"274","9bf802cd-f282-4be4-aaa3-30381fbf6ae8","ad1898c7-dc09-4014-a982-bc692bf4fa51"
"275","8e10f12e-c1cb-4882-9d24-a4932f017131","a529cd5f-234e-4dce-93c6-71ff279a0193"
"276","a0449ff1-fdc5-44b0-8a9e-db35d1d8dabc","00529fb2-f36d-4f50-abf7-01b4e46739b1"
"277","cdbb68a0-b739-4b96-9f10-879e2c7ef9db","93a5881d-bd5d-4fe0-820e-73f4c9a906bc"
"278","b45caa56-bea2-4cb5-a211-fbbae7dd248a","b5c762e7-947c-4642-b01b-98817591b08c"
"279","feb4f446-ee40-43f6-a2cd-b0380694c4e5","1cc09000-3c09-4283-a0db-0dc6a2f16601"
"280","3b548e7d-6ecf-4b2d-befc-ea5940c05874","d1ce1f38-ef87-4375-8ef6-7509e02baaa0"
"281","2a06816e-ae0e-4ac1-b88e-cb8a88607f2e","ed2ca509-1bbe-471b-8736-4cf22c29e696"
"282","0bf43782-fc2b-4a3a-ac9b-05e326020581","ea89e009-d18a-4875-80e6-45feb8764516"
"283","35b863ac-5fbd-4608-9989-0fcad57aa537","a979b32a-c205-493c-b824-475c295f649f"
"284","9ab80984-8be0-4fa8-a0d6-dd86a240b459","dedaa2d7-9600-4474-a5de-4170157506bd"
"285","2529fdb9-59e1-446d-88d8-195a8a20c700","5034b2ed-2eff-4d59-9480-ebd106fd525b"
"286","53e45f03-661f-487d-9ee6-147ffcff1215","91441468-d6f3-45ec-93ac-efa38fad4b73"
"287","79d9bc65-7ad7-4bc5-8f34-a04acf513eee","6f91781b-045f-46ab-917f-ec9bad2b61d2"
"288","67dd02e1-e8cc-4934-aced-7f79d66b632b","b7b163ec-e6f5-4266-a468-4056760a13f0"
"289","eee66774-435e-470f-9542-42457d2dbdf9","2f3759b1-dacd-4d3d-94e0-184198b2a078"
"290","3ffd5337-f97c-4d54-888b-3704158d9ffe","4c6b38ab-114d-4772-b59c-c373e3f61371"
"291","f18a2319-a107-496e-89eb-c24a09d96bb9","dd2e499c-a462-404e-84df-544ed92f4da4"
"292","35e3186a-220c-4298-ab22-9b2ae0e196fb","2a20eabe-d225-4723-97ae-ba057774e2c1"
"293","313b5e99-d3a3-4f58-abb9-cc3d53e752ca","0a68670e-a739-408e-a8b2-b990f6761ed1"
"294","4dcbd438-8c68-4b00-b81b-989577ceda0d","c4c66aee-3308-4dd8-8621-f6930cadb478"
"295","abb48615-6710-45cf-a50c-a14b39016c14","5112436f-12e5-441a-898c-8c3e54e05d79"
"296","bbfc5849-aa67-4cf4-8a63-613161b706ec","382d9c40-6412-497d-8ad7-ef6b2c2423fc"
"297","e462119f-487e-4cf5-8bff-cf196407bb1b","c08dcb2e-7016-4712-8087-d8015df3bc95"
"298","0b856563-ca19-4b37-8a62-075e3e87e737","114e21a6-5094-4cdd-8808-c8a305b0a82c"
"299","56a0b7bc-9611-42ce-8d69-400a540a2998","73b15898-6dcc-4d21-936f-c89be16240a4"
"300","a6d01695-7b93-406d-816a-10f5e7750e97","b0d8b433-f6e8-4a7e-aa3c-898e0c2af54b"
"301","31b52a11-cc5b-4734-b989-bda5106c54ae","f6533364-c1f3-4204-90c0-649d30fd4924"
"302","e4e84678-7795-42b0-9bd9-36fd7d2dd9c7","d84ba67f-40e0-4bfc-998d-bc9954f80c15"
"303","154e7e05-be33-45cb-bc49-f242644e2070","d8d2b18c-597c-4f37-89a6-ff54a160054d"
"304","d52742b9-604d-4841-aa1c-7c95833fadd3","58f7b7d5-31dc-4fea-be41-e817a181c12c"
"305","f1e8efd9-4dff-4eae-a2da-a27165881222","438647e9-7dca-4e61-b01b-a02112d6d276"
"306","a706dca2-7530-4b52-8bf1-f51fc90aabdd","2c930ae2-c406-4f91-90f8-b2da388e6702"
"307","06f89bc6-2e97-4bfa-989c-4934e7f28f05","092e258b-bf46-49c5-88d2-b9c7d5ad76a6"
"308","221aad7a-3ef4-479f-8467-059b011b5e0a","dbd0ec5a-23dc-4169-a609-68ea211fcc40"
"309","b6e7f6bf-82aa-4ec6-ba72-5071e5462973","0634c74c-9554-4526-835d-63fbcb4302d8"
"310","b51ed084-8eee-43e4-9dbd-570ec4df8880","8c0538a8-fcf5-4606-96eb-538e95c6df9a"
"311","72ac31e0-b517-4bc1-94e9-79b7d6ad1b97","5136a8ad-535e-429f-8846-40de55b03d24"
"312","d743617a-f053-4abf-aa41-3eca383262be","4bda7148-31b6-4a20-b261-c87a9f500329"
"313","62dd9aed-92f0-4cc4-b81d-2dd439aa4aa9","86647380-d5fb-4736-998e-f0d235424395"
"314","ff36ba95-c04d-4200-a223-73e8207a6534","779333d5-faf9-4509-b05a-ab59c0d9a5ad"
"315","a4e2f3d0-0278-4b98-94b0-08d854df9fb5","9c81e429-a8de-474c-941d-b4f967c50ba0"
"316","acd735f1-d972-4e4e-b792-7db6712fc9b6","b2dfdeb5-8fd8-44a2-a2d0-cc79970f7947"
"317","3bfa40c8-978a-450f-bcf5-a5585cc9e0fd","f0658c7b-1383-45f4-8546-d20915a50a06"
"318","2702aab0-0336-42cd-b46b-6bf5b906803d","ff9a2ccf-7367-4cf9-87d2-3d91bc7d33e3"
"319","5c6a2247-933f-4aa5-ba17-266a508cb2d4","84119f64-8512-4c84-bbc4-56a745636d3c"
"320","c3af6904-4496-4018-9a37-fe8d550a1771","e81130aa-14b7-44ca-9313-de728211a395"
"321","8ea5b238-1405-42df-b341-954032921728","f40c9236-05b6-47dd-9f40-f78dae8a1b8c"
"322","0ef54a23-f0e4-4f7b-83a1-d2923c638922","2b4e6aad-f924-4504-9f9c-98726ae3f4fd"
"323","c9c46c93-798b-4817-a1ff-cbe34efeff84","d107e0cc-adc9-4c99-8371-c0174b765da3"
"324","6ece52bf-cea3-4b4c-baaa-3d6bf0713d6b","fad587d1-cf63-4c6f-96fb-6a1f4691a061"
"325","1c840420-280d-4746-b475-eba70c2caed6","e7fd7ba3-e732-4741-8264-ed115cc1c73c"
"326","bdf61bdf-5ef1-4023-aad4-bc2fa74ce394","3e9f0dda-d048-47be-a9b9-fc5bf53b4f3b"
"327","4b832842-a442-475f-8856-019c9571fa1b","09bc8c33-fcae-4610-8a67-201e8740d114"
"328","9458044a-2970-41ad-82b5-d83a06c453c0","6aee18e4-275b-47dd-86dd-fd8628630bd3"
"329","48d49e35-2ac8-4ce5-aea9-053961267ea3","2fa2adfa-611c-4313-a89d-86d4236f9a7d"
"330","ab3c509d-88f7-4e91-80cb-e66519041591","01361b06-166f-4173-be2b-bd215e9d44ba"
"331","17f69467-be9f-482b-a078-8f2cd3c4019d","a00e68b3-3a70-4336-8a32-1c09bdbd7b39"
"332","74025693-3328-46ca-85c8-c88a9fd7bb1d","aab2c0d1-ed3e-4741-900d-82641965a1bf"
"333","1428c13b-e812-467b-af45-860e6a83432d","91217bde-62fe-4cc1-b6bd-7da7920a85c7"
"334","003a33f3-3658-4e60-967c-dc97b83c105c","2cda4561-1775-451d-b004-1b4f7827e191"
"335","d73a621b-c1a6-48da-af9d-1eee634f8937","83f24208-f051-49f7-ab21-80c4e68091c0"
"336","9ffe5716-2ebe-4df9-aa09-f5a0dbec315e","3135c2c6-5f44-4102-936e-1145c563ee2b"
"337","197d966c-8951-4a7b-a2ef-1fb7aec545a1","bb2db8dd-09b6-4c61-8de1-f672f930fb54"
"338","6fe0f602-2a8d-482c-8e93-033cf1eb5de8","8b6d5dbd-2374-4b3b-a68e-b89547e5f40d"
"339","10e8e323-cf3b-434c-859a-204b536c5458","5fa11351-cc1c-495c-9ecc-c459bd8e671c"
"340","8c326fb7-18f4-44ec-a2c8-479ce33fda20","7fa00ff2-0c39-48c2-9795-0fd07e62e67a"
"341","c5959596-de4f-4466-980d-d8973ca7e3da","5675c112-bcf7-4d94-8ac3-a10644471ff7"
"342","7addabca-07be-4823-ab56-85e5a9191358","87443ed1-8218-4992-9f5b-c4b24578777f"
"343","7d41b110-63ad-45d6-944c-58fa49ce3188","66b82754-257e-4d78-b114-ef340b41d8a0"
"344","44579dec-3df5-4514-8ca3-13a2a4c6e788","b9b818b9-4ced-4e07-867e-b75297eddb9e"
"345","f2d0febb-72f9-4a3e-a26c-1250c509ffc6","54b48048-efe2-476d-859a-717b50dfb979"
"346","67f61b31-c2bf-42e0-9674-380cd054ad35","6a78773d-bba6-4b04-85a2-bd4342079ba9"
"347","3e8b13af-953b-47af-aea6-2431da04405a","1e119523-ae88-481e-8c8d-032949396dc3"
"348","27fea04d-8345-4814-8fe1-83f8fa0e1885","eb76258b-cc80-486c-ba3e-d47c7004f293"
"349","c85b5616-63e9-46df-8255-b29834ce4d26","6c7d8b90-b00e-4ebe-94c3-a0c46c34613c"
"350","be90750e-7579-4096-b49f-7903d45e54f7","2549882f-5e42-450b-a04d-5b917d098d68"
"351","6630a529-2259-4710-a4fb-73d67181156e","edadb0de-5323-46fd-a0b2-d2d58b08636a"
"352","cb977e8e-cd86-4caa-9f70-486f1c15cefe","54a7bce3-328a-447a-a048-078cb700c0e0"
"353","a5ac43b6-1b92-4c14-bb3f-081e7a70cdcf","3436deec-b6e5-4a62-b7c8-779317cfa3da"
"354","0f9baaaf-6a08-45aa-a260-c17230f1e453","58980cf8-0412-4b67-9c35-c20624bea75f"
"355","2404eae5-9d7c-4cd1-9788-621ef9b296ae","16780562-4bd2-4a20-b1de-3bde50f5d668"
"356","5f7bc37b-52c0-4ace-a5e5-230361eac4b1","8bcb376c-6fc7-44f5-b1ea-c8e86a3c1fa6"
"357","bac62626-f0cf-48c4-b922-912b217872b0","8cba2005-d84a-4f2c-9b44-d54761a478a9"
"358","3dfa9114-584c-4d23-989a-c16ee5adc0b9","2298d477-a3f8-4092-935e-5c746b93ad9d"
"359","f1385873-d6f2-478b-ae62-0819d28db6ac","cd7464a5-ea87-4687-911b-05e188846849"
"360","d856624c-78b6-410d-9143-bcf7a1c98714","e63a634b-a906-4559-a4c7-f70fa0b33801"
"361","d6f2d2a3-5e76-4af5-b636-1752903e5370","5cc6b3e4-19a5-4a40-b07d-f1ed9ad6e877"
"362","75170977-32b7-4ef6-9fbb-5931e198b4b0","2427ee05-b29b-4bba-8f1e-c9537a89b93c"
"363","7a32fe57-6045-47b5-90bf-7349a0a19c41","a14b47fd-54c6-4532-8073-1d217dfe875c"
"364","beddb2ba-6a74-4e70-a7f7-0705a22bdf95","6f3e91f5-61ab-40ea-a6ec-e5dec2208bde"
"365","97617183-0925-4790-b04b-48b6bd5d6668","f0606aff-7532-41e7-99c7-0fb72c509920"
"366","3d0fd49d-0675-45aa-9b4b-66a078c5b6c4","dff3796f-b860-4470-a565-25c2a7baa5fb"
"367","67681abc-91f4-4886-a88c-bc2bb8d2dd28","2ab43773-e851-43ee-a25b-22c8db590182"
"368","e5bdee45-4f1a-47f8-908d-a08800acf41b","a4098093-a5e4-4b1a-9d2b-c165182bd669"
"369","eba5cec4-fd1b-4480-be6e-dc4790d42b1f","85b54397-91fc-4438-80cc-6ef04a91ff4e"
"370","19a4b668-18fc-421b-a360-73942643f780","91ba5c16-84ab-4565-8bf5-d9757bff1ae6"
"371","ce45adac-fa61-4ba2-a95e-51157cf4615b","1d369d96-e3af-48a1-b7c8-3862902a5749"
"372","986e1cfc-481d-4f10-8aa3-0c4b039bffb4","9146a67a-c84d-45ee-a201-1f099cc84ccf"
"373","c466966e-ef9e-485c-aad0-ba54f0af6d44","f4e907a4-daba-4fe4-9575-91264e81b7ed"
"374","20dac8ef-52ee-45cc-88aa-c3a37316a503","4e7e03e6-58c5-4c19-ad79-8474a43159f8"
"375","6d522946-e471-45b2-8712-be249d695331","2a7110ad-2f2b-49d9-8d10-946b2a206726"
"376","86fd69ec-fbe4-4ca7-a1a5-a42367527929","609ba5e3-d245-4a2e-ae9e-f5bce2eab48d"
"377","83d6abae-d311-487b-bcc3-d46e2c39de14","2ee10563-f9e8-4e2d-9eba-efd2ea3d5eea"
"378","81720320-dd38-4aa3-bebd-aed0858a18f6","7a016595-7c1b-4922-96e5-f1202ab45cb7"
"379","4076a326-58ed-474a-96de-6dc21f061352","a249cb9b-2f66-4226-86b6-434979a61b49"
"380","09414789-ca82-4bf6-bd19-e3b5f3d03147","c1035565-7f37-4c68-a720-79f97f4354dd"
"381","0aae20cd-2601-4c12-a00f-d5f8bad66be5","8909af62-13d9-4c55-99e0-fd0f685e52e9"
"382","e1e28318-f513-4e4f-9f93-db263c18da7b","ddb26a7d-a437-4fb6-bd07-7f9a3984699b"
"383","73faf404-af65-4543-95ad-03065d2f0a14","7a2fa008-038c-4fa3-af12-24d57ae16832"
"384","68677a0d-a154-4cc5-ac3f-1497d6b68bdc","6fc66855-1292-4194-8afa-92e315bb2dfe"
"385","44124510-41dd-46cb-a67d-b3eecc230115","5dd857d1-ed13-45c4-ae1c-cf35e55f94e7"
"386","ba72b0a5-8eb5-46c9-b620-a35aa3f21daf","818747c4-cc3a-4897-82e4-3e593f70ff7c"
"387","eaf18cea-394b-4cf4-be01-3a9e2498372e","decb6a0a-3428-4265-9051-1ff8fca4d71c"
"388","62a09737-8205-466f-9f59-fb02acf77e96","4b08e55f-f14c-4851-a7f8-452cdd11eae7"
"389","4757564b-c12f-4f8b-b7b7-ae377fe309d0","fcdd5ea4-fb45-42dd-95e6-ec010850815c"
"390","d3c2a302-6b87-48bf-aad1-3dcb0c352828","b48dc3e6-047f-450b-853d-ef6584dcfd16"
"391","86627daf-ce01-4c49-b09f-db64afff547a","aeed3e65-9805-4114-b244-93d604056477"
"392","58b0d2dc-b8f9-44ff-9283-460205ce35e1","22fa5426-d1b1-4eed-aae5-7f9e977c3d06"
"393","ace8f3f7-a11a-44fe-aec5-a7d70123b890","a27e4907-0c74-48ca-a1b1-b9b1dd15cdef"
"394","393898c7-cbc4-4eef-b458-67f899bdf0b3","fed4ee98-6fe5-44bf-b4e0-46e66ca898fa"
"395","90855e52-b713-4c3b-ba28-16c7485f65c8","e9909e0c-4195-46de-b092-08b211e40a44"
"396","c6857a43-614f-4211-b269-1a06243faa37","0d26a3e5-63bd-44f6-920d-bd5065c974a5"
"397","f2ce9691-6282-42a5-97bd-4631954f5e0a","ef818525-f50a-4757-be5b-71afbc2ebf06"
"398","89bc8017-a565-4160-8e07-6ccd7ecfa96f","3b7a6af2-33b7-46cd-8dfc-665f4fa7f1d7"
"399","3616da5c-996d-4d08-9c20-7092ed877406","f9c2f20a-45b7-4b37-918f-2b363995e267"
"400","9c06bb27-28b2-455b-a2bd-ffc21499b89a","e47609fd-85f8-400f-8813-017aca4ddad1"
"401","069ded62-6c9d-462c-8ae7-dde7437e5d7d","03fdbe59-533d-4385-9fa1-6d76910d01a5"
"402","acd29c8d-3356-424d-b40f-ba3f00e6047c","3917ce23-ef42-4abd-9ca2-475cb3954e32"
"403","7a63683b-382b-4f2e-a22e-61d8ce6b6c62","a4f64d54-3049-47d2-8ab9-af602629a253"
"404","523ecf7b-ff49-4198-a5f5-d7d9cd76cd92","b6c5a51c-ea4c-47f3-ab09-34d63a75639a"
"405","a63fbf1b-747e-45ff-8a3e-ec2ffd9828f4","57ba7c14-3d56-4c48-9fd6-9e9e5dc5cbb5"
"406","dd75268d-0654-46e2-862f-6415192dcac8","665e3e27-b429-47f6-8351-457c085b3639"
"407","4f86be11-77c3-4437-9fcb-7196a2f681d8","27a0cd58-b7bd-4230-a057-bfcd88bd65ca"
"408","fb4ad592-0518-4359-b249-dc5e433d37fd","d2b37f53-15cb-4ead-a48a-144f03992996"
"409","6865e2e5-c89b-4b90-9a5e-0bf1a2fe519a","c8dddaa7-e1be-4228-9cda-dbb2adbd1f7e"
"410","1adecb22-fd42-45d7-8501-64f78bdb80a3","52460579-e495-4430-bf1b-ab97f35992b1"
"411","f8de6653-11fa-4062-8738-a4a060952d9c","8d51d4a5-5df8-4279-b55b-f44b90814aa1"
"412","983cb886-0581-4ccd-a0da-2097ac697c0d","a09accdb-8fa8-486c-9bf4-5008501f7336"
"413","3f11bf82-b4b0-49a1-958f-855e7f3032a8","a5b7535c-e2da-4d4b-9a23-011f91a1e087"
"414","5a63418d-2e6c-437d-ab4e-40ece1bf022c","2a33f4fd-10c9-4cca-93ea-62338ce2d42c"
"415","caa8dba0-5b74-4376-a38a-61a0f211aaff","f3576ed3-6396-49cd-a733-c4bd90ea0294"
"416","5cdc04c0-0ab9-4cdc-a740-0966faf4b8e4","38005a5c-b0c4-45a8-8010-319631b834c4"
"417","6a03be9a-9086-4875-80c0-df219c8c438a","9913f41d-5376-4f18-97f9-909f4b3a90da"
"418","9289c2c8-e4fb-4c6b-8b10-1f25b0b61037","603ba4fa-401b-4b2c-9570-334650bd39fc"
"419","b7cb6d1d-d055-4304-9bbd-9d71725d3ace","ad73d640-5b97-4901-a3f0-c426eb64547c"
"420","5f539c74-0116-4bd7-84fb-acdc277da761","4a683296-e9d2-493b-829d-58c34ee2a1ee"
"421","63882a8b-1be3-4d28-8a83-675b34dd3de1","82a1d988-df1f-43f3-879e-ec8608441256"
"422","0133b9e4-884c-45f8-8bd0-e796d7058012","4693a67d-9395-468b-b9fa-baa9d2e78d6f"
"423","802910d4-b9db-4991-bbf8-2967aee6371b","c3a421af-e022-45fa-b5b9-96a5f80de0df"
"424","459c41e9-2285-43ac-9244-f68dd12dec16","231ebd46-cbd3-415c-bb89-48f895f71e4f"
"425","6619cf91-e808-4d3e-887f-44d4509eb684","07a5cf72-6af5-4b4f-b61d-d8c8724243b3"
"426","27d9dbe5-71de-4dac-8a64-cbda6022c44d","d2b15aaf-3260-4003-995c-160161874d4e"
"427","8a6e0e48-2a12-447f-8c7a-abee412f2669","f9736a00-614f-4ab0-ac26-8eb23d0d3e1f"
"428","f708d514-5999-4b33-93e0-97363015b338","216dece3-0427-4c7e-906f-232ab39672b5"
"429","f26deb3a-a615-4678-865d-0e1b6c3ca046","5ed9a528-a14a-47fd-9cc3-dfe5d25e95a5"
"430","451f2ca1-7ad6-46b3-b3b9-2c9b0c347fd3","74b7e43c-bdef-42ac-8641-4092e40e5c09"
"431","8ad0eef6-02eb-4f8c-a201-a27e45ee18a5","8e4dbecf-c55f-4cc9-b942-457c0a5523fb"
"432","37b148fa-ac82-4906-baa3-608f2fa4f145","ba99454d-563c-4fcd-bbca-2b7202528618"
"433","e9cec958-908e-4011-8c36-4156b594c72b","4664fc06-fe78-4bee-a26c-7acef63d821c"
"434","570f0bb5-4483-4a5e-8374-9fef274d4eab","191d3132-0560-4550-9f0e-26d17dfc69c1"
"435","6a0f5727-ebc9-4c63-b3c0-0fe54f0f1c15","31bd8187-7e12-4f5a-b6fc-201f82dae8fe"
"436","098f61ae-a7f9-42d4-9e02-7a035c498d32","83afae81-bc66-4dca-99ca-1690810590f4"
"437","6a10eac7-9856-4c99-ac96-a7645813f611","a035db56-3e36-4287-ad25-3f39a7558d95"
"438","49f8e4a0-262d-42dd-bfa4-7ed46316e2ed","34415f60-48fe-4ee0-ae6a-95bfede916e9"
"439","b7027279-3765-4fa3-bf6a-aa6e6d3c165a","79f40bd0-e2ca-4982-b5a1-5ef0c7fdd7a0"
"440","1bf35f7e-a8a3-481d-93ca-886d4cf4d08d","37c022ba-1fab-4638-9c85-57c84e3a8182"
"441","c8309e7b-6b9b-48d7-b3f8-e97f9c1abde8","7d313de1-6730-4683-b52f-7ef2a1ea4095"
"442","73050df2-9a8c-4d9c-9e8b-7d72aa03367d","9b8be750-3904-4fbf-960d-38492be9898d"
"443","9a214ce5-69da-4a24-a935-0a366d3f6cd2","36513bd4-0767-4df2-a80d-f520c0d0d944"
"444","e32054f1-8482-46d1-9d08-5018d09bfd80","6b9c93c3-d959-4b98-84a9-ebf350ca6a87"
"445","2596084c-897f-4947-b4da-837f3dc116ec","a0d2c7e2-950e-4728-a97b-57e3ec7eeaa2"
"446","291edbab-0d0d-4022-b366-65b69e9339d7","43956fb1-3fa2-447d-8665-8ee62cc261dd"
"447","e5b21b7c-8182-44a8-8405-c2180e1ce23b","9f2a0a98-2e7b-48a6-9757-6935ef1f6761"
"448","381ec1ca-3c1c-4ac7-a290-d23454263b20","d2af51dc-984c-41b5-b6a8-495026632acc"
"449","859ea6d7-ccb1-4b60-bedc-7ccc32e59ec4","1430e547-4212-4f58-8fe7-cd0a97a4a6f8"
"450","bf307194-093f-4fb0-867c-7db696aca1e8","9a6bc8a5-1775-4831-be49-d7019fa6a4fe"
"451","5034ad01-7c05-4c1d-aec3-c48641dda2be","0193352e-06ce-43ff-8e44-d055d09ce658"
"452","7e000bbe-a471-41a3-a3f6-ab4f5e915339","63e8d455-a905-49dd-8d9c-fb46c34be796"
"453","35ee7b03-22ce-4eab-8a50-de7ada08e9ab","a664b48e-e4ee-4c94-b19b-2b3771256176"
"454","f7816748-8e83-43ed-a50c-dc5adc2c460b","f5dd4618-3376-4e69-a3d5-2b9020a9046d"
"455","d406540c-cfdf-4e3f-bec8-19254048720f","3cc36d69-6267-41e3-9641-18d70afaae01"
"456","e11ace5e-548c-4ba1-aec1-6c6e16ca6acc","d5bf1fb8-3a80-4d58-b6fe-8a1ec4f070f6"
"457","8e0030c8-0a94-4e3a-97d2-b1d5d18846d5","edb50aca-a70d-4d3c-93ac-ce5127470af2"
"458","577c8f90-2f0b-4920-a4e6-5e6dcece44a7","9c86d2c3-b4eb-4794-a80f-4883bd0ba680"
"459","cbef6ebf-2fda-4175-9720-7f81401caa0a","53834229-c648-4349-9471-0aac58bc9ced"
"460","4d46f344-096e-475f-ab04-ca561fbe8fed","ddfd468b-404e-49f7-836a-0eacb623f432"
"461","9d117ac5-a64c-46b8-b172-1c1c25cea4ba","f1aeb837-0f2e-41a7-a795-7773d3c09c9a"
"462","c7de3e60-2036-43dd-87ec-2db672e0087f","2b68f477-2669-4cb4-9c16-c0a8e94f25fd"
"463","70a6658a-7a68-4632-a0ce-a20287d83293","df6e5993-d615-491e-8c4c-bd6db11a7d26"
"464","1d0aeb08-a5c2-41b8-bae4-35a3b533e0b2","18d62349-40fa-4afc-9674-1c979c17b314"
"465","4f285bbe-055e-4e78-8e24-fadf6bb5e316","b0585e71-cfa7-42d8-9ca1-54c8aa60963a"
"466","b795525b-b9f4-4647-b3dd-49c59575c7b1","f6226079-8920-4eda-82c3-facddd4a0a24"
"467","11035726-5020-4883-b524-767cd6cde005","c162fa94-90ff-44d5-a913-ce92ca545535"
"468","fb4b0c6a-e687-47e1-852a-c26ad3893e8b","054da23c-6354-4e91-9223-03250412abf7"
"469","3525f19b-e6a4-4c68-976f-c5a4263f2a8e","eac31e36-a932-41ab-be9f-275ebb242f0f"
"470","da12a8b9-2009-415f-842b-2d2c5ce2a976","787e4465-6e5f-4aed-8ea0-12e1fcf3645b"
"471","282a88ab-9137-4599-b31b-67f79766490b","b1f6cda0-cccd-48b8-9f9c-d761ae4aa79d"
"472","bd5da481-f5ec-4f73-8ab7-8f57f5289c3c","8061227b-b1c1-435c-8f6f-082c6f017084"
"473","2921a8d9-71fe-4bb3-ac08-bed30167d230","28dcb978-b615-442b-99bc-18e1d34a961f"
"474","7ac5eab1-04ac-43ec-9eb0-63993a7efd0a","31550f24-092c-490e-91a8-6d67dc6cf787"
"475","39176327-d4f5-4f46-be77-c9332849d842","33fc8e0f-c126-40d3-bf12-790422252d08"
"476","7c1fdd93-9e5f-434e-8a79-ca0e506c61ae","a5a798fe-9aa0-460a-8d60-558a8ce01550"
"477","50c36bfb-4ce2-4cc0-916a-92b857593d83","76aac4aa-f512-4711-ad83-3cf09f487de9"
"478","e16441ee-c8f4-45f1-89be-74a354a23576","075eb3cb-4415-4454-9419-183ce48d9960"
"479","f751f2ab-b9a1-4370-832a-b9217a747ad5","f2a9a543-750c-4f66-9ed1-f44eda7c93ff"
"480","3153d274-f3ba-4b31-9283-84e140e6b320","a2468515-1499-44f1-894a-3bd702a0c647"
"481","82cfb1c3-e32b-427f-98cc-fe54909ac06a","d0a033c9-7e25-40df-9b54-bb8860a090f6"
"482","a02282e7-b292-46f1-a2c0-d0ab581fb126","3ff32519-912a-476d-95c3-b69cb146635c"
"483","58dc60a6-bad8-4acb-ac59-a5558d580dc8","b0f763e3-f780-4add-8ddd-9349cc2b3567"
"484","934a8347-5f77-4166-8af5-ec34ffd19461","32509756-9b69-43a7-b6f2-6d6efa3b674c"
"485","c82cadfb-7d6a-4f73-b4d8-817b75734357","63c06fe5-315e-4af4-bbde-a0b0907f5d01"
"486","30405f4e-a8ae-4ad8-900a-cc031f63436e","ec433d71-d8f6-4144-9734-d59e84488619"
"487","085f785f-2814-4a18-98df-972590b6f709","c3275b70-6d4a-4cbe-b6b3-46c68c3fa8bb"
"488","9d4a9d46-a8f0-4b4a-bbcc-7d58b60d673c","245fde4c-627b-4e49-8825-91e05801cd67"
"489","ce0dc4cb-0dea-42ad-a6df-9f80d19cc426","a603e166-27a0-4715-b659-4984f3dba08f"
"490","a0c9c4e2-b1c4-49cb-a009-cee2aafa8104","2c9312bc-c60e-4073-9024-28fab82f23e3"
"491","cd4db6f3-935b-4321-aa38-44e47c8424c0","7fd687bc-ce85-4c6b-a7fd-148ba30af46b"
"492","97617240-ca64-4299-86ae-1294951f7057","9d6fb5d5-3dd0-4682-8a5b-6609285d746c"
"493","8c5e3dae-aacf-45fc-8c43-12ba41035c57","4fd0f924-f5a8-4df3-bb8d-6ab1486098ec"
"494","60438009-ee9c-4164-83ca-944f52c6d637","fcbe8910-3328-4768-be57-fb9c709ca00c"
"495","38a423a2-ed21-4d47-8049-014fe3df3674","197d5396-a593-4665-95c4-cf7baec44c89"
"496","20065f98-f2c0-4d3e-a7a7-bf6dc9dc856a","c65a6586-c434-40ff-9ef0-fdb2c9518c11"
"497","5cbe8899-0c31-41f8-bae9-1d860f4c71e5","33551840-0256-44b7-ad57-804cf29ec91a"
"498","6ceeed42-b10b-4ce4-ae77-d844e81be28b","6f26355d-7a14-426d-944c-5c95cc4bb8a2"
"499","0bd6bed4-4187-44c5-affc-2b3f5d5c7e67","da00bf01-10a5-483b-aea3-4f28d158a417"
"500","e1f664a8-6086-4249-bc56-32bb152cda6c","928405a6-293c-4368-87a0-2ae74070c693"
