"name","HPV-","HPV+","p-value"
"Memory B-cells",0,0,0.158746531321917
"Naive B-cells",0.00936589438695897,0.0231410910094543,0.000620738741265197
"Dendritic cells, activated",0.0290734476070584,0.0406187271623447,0.0874133698289578
"Dendritic cells, resting",0.00183849813733067,0,0.350263415911615
"Eosinophils",0,0,0.92587965555417
"M0 Macrophages",0.218143695043852,0.138196731104138,0.00118756414955832
"M1 Macrophages",0.0746601551650489,0.0789257918774146,0.560310208072325
"M2 Macrophages",0.102058625677744,0.0748042426442775,0.0347529429909262
"Mast cells, activated",0,0,0.247291338344312
"Mast cells, resting",0.0047558772818508,0.00627701496921658,0.729862013816768
"Monocytes",0.00930662205365379,0.0152136864359284,0.0576636011776076
"Neutrophils",0,0,0.615131959268955
"NK cells, activated",0,0,0.806813660098915
"NK cells, resting",0.0577079957678116,0.0585909898175194,0.284555833047679
"Plasma cells",0.0116928169793668,0.0132717014317776,0.488863401446327
"Memory CD4 T-cells, activated",0,0.00251707489100701,0.108167714490148
"Memory CD4 T-cells, resting",0.231274233426995,0.216120591894252,0.390572787958335
"Naive CD4 T-cells",0,0,0.0907268839787159
"CD8+ T-cells",0.0165196502085799,0.0472270649351084,0.000365606413021937
"Follicular-helper T-cells",0.000890724482891421,0.025600098563276,0.00126863942229027
"Gamma delta T-cells",0,0,0.361930767793742
"Tregs",0.00720456374204382,0.0328756954777044,3.51929804954051e-05
